Rk,Player,Yds,FantPt,Season,Age,Team,G,GS,Tgt,Rec,Yds,Y/R,TD,Y/G,Ctch%,Y/Tgt,1D,Succ%,FantPt,PPR,FantPt,PPR/G,Pos,-9999
1,Puka Nacua,1486,193.5,2023,22,LAR,17,17,160,105,1486,14.2,6,87.4,65.6,9.3,68,56.9,193.5,298.5,11.38,17.56,WR,NacuPu00
2,Ja'Marr Chase,1455,223.6,2021,21,CIN,17,17,128,81,1455,18.0,13,85.6,63.3,11.4,56,52.3,223.6,304.6,13.15,17.92,WR,ChasJa00
3,Justin Jefferson,1400,186.2,2020,21,MIN,16,14,125,88,1400,15.9,7,87.5,70.4,11.2,58,61.6,186.2,274.2,11.64,17.14,WR,JeffJu00
4,Odell Beckham Jr.,1305,204.0,2014,22,NYG,12,11,130,91,1305,14.3,12,108.8,70.0,10.0,58,60.8,204.0,295.0,17.00,24.58,WR,BeckOd00
5,Michael Thomas,1137,163.7,2016,23,NOR,15,12,121,92,1137,12.4,9,75.8,76.0,9.4,62,67.8,163.7,255.7,10.91,17.05,WR,ThomMi05
6,Garrett Wilson,1103,132.7,2022,22,NYJ,17,12,147,83,1103,13.3,4,64.9,56.5,7.5,56,47.6,132.7,215.7,7.81,12.69,WR,WilsGa00
7,Amari Cooper,1070,140.7,2015,21,OAK,16,15,130,72,1070,14.9,6,66.9,55.4,8.2,47,47.7,140.7,212.7,8.79,13.29,WR,CoopAm00
8,A.J. Brown,1051,165.1,2019,22,TEN,16,11,84,52,1051,20.2,8,65.7,61.9,12.5,39,53.6,165.1,217.1,10.32,13.57,WR,BrowAJ00
9,Mike Evans,1051,177.1,2014,21,TAM,15,15,122,68,1051,15.5,12,70.1,55.7,8.6,46,46.7,177.1,245.1,11.81,16.34,WR,EvanMi00
10,Chris Olave,1042,126.2,2022,22,NOR,15,9,119,72,1042,14.5,4,69.5,60.5,8.8,48,53.8,126.2,198.2,8.41,13.21,WR,OlavCh00
11,Jaylen Waddle,1015,141.8,2021,23,MIA,16,16,140,104,1015,9.8,6,63.4,74.3,7.3,59,59.3,141.8,245.8,8.86,15.36,WR,WaddJa00
12,Kelvin Benjamin,1008,152.8,2014,23,CAR,16,15,145,73,1008,13.8,9,63.0,50.3,7.0,52,43.4,152.8,225.8,9.55,14.11,WR,BenjKe00
13,Willie Snead,984,114.4,2015,23,NOR,15,8,101,69,984,14.3,3,65.6,68.3,9.7,44,58.4,114.4,183.4,7.63,12.23,WR,SneaWi00
14,Sammy Watkins,982,133.0,2014,21,BUF,16,16,128,65,982,15.1,6,61.4,50.8,7.7,48,46.9,133.0,198.0,8.31,12.38,WR,WatkSa00
15,Rashee Rice,938,133.5,2023,23,KAN,16,8,102,79,938,11.9,7,58.6,77.5,9.2,44,61.8,133.5,212.5,8.34,13.28,WR,RiceRa01
16,CeeDee Lamb,935,143.7,2020,21,DAL,16,14,111,74,935,12.6,5,58.4,66.7,8.4,46,51.4,143.7,217.7,8.98,13.61,WR,LambCe00
17,Terry McLaurin,919,133.9,2019,24,WAS,14,14,93,58,919,15.8,7,65.6,62.4,9.9,43,57.0,133.9,191.9,9.56,13.71,WR,McLaTe00
18,JuJu Smith-Schuster,917,139.7,2017,21,PIT,14,7,79,58,917,15.8,7,65.5,73.4,11.6,37,57.0,139.7,197.7,9.98,14.12,WR,SmitJu00
19,DeVonta Smith,916,121.6,2021,23,PHI,17,16,104,64,916,14.3,5,53.9,61.5,8.8,43,54.8,121.6,185.6,7.15,10.92,WR,SmitDe07
20,Amon-Ra St. Brown,912,137.3,2021,22,DET,17,9,119,90,912,10.1,5,53.6,75.6,7.7,48,59.7,137.3,227.3,8.08,13.37,WR,StxxAm00
21,Jordan Addison,911,151.3,2023,21,MIN,17,14,108,70,911,13.0,10,53.6,64.8,8.4,38,50.0,151.3,221.3,8.90,13.02,WR,AddiJo00
22,Tee Higgins,908,127.6,2020,21,CIN,16,14,108,67,908,13.6,6,56.8,62.0,8.4,52,55.6,127.6,194.6,7.98,12.16,WR,HiggTe00
23,D.K. Metcalf,900,129.1,2019,22,SEA,16,15,100,58,900,15.5,7,56.3,58.0,9.0,39,52.0,129.1,187.1,8.07,11.69,WR,MetcDK00
24,Chase Claypool,873,152.9,2020,22,PIT,16,6,109,62,873,14.1,9,54.6,56.9,8.0,41,48.6,152.9,214.9,9.56,13.43,WR,ClayCh01
25,Jordan Matthews,872,135.2,2014,22,PHI,16,10,103,67,872,13.0,8,54.5,65.0,8.5,43,52.4,135.2,202.2,8.45,12.64,WR,MattJo00
26,Cooper Kupp,869,114.9,2017,24,LAR,15,6,94,62,869,14.0,5,57.9,66.0,9.2,42,57.4,114.9,176.9,7.66,11.79,WR,KuppCo00
27,Drake London,866,106.6,2022,21,ATL,17,15,117,72,866,12.0,4,50.9,61.5,7.4,48,56.4,106.6,178.6,6.27,10.51,WR,LondDr00
28,Zay Flowers,858,129.4,2023,23,BAL,16,16,108,77,858,11.1,5,53.6,71.3,7.9,41,55.6,129.4,206.4,8.09,12.90,WR,FlowZa00
29,Jerry Jeudy,856,105.6,2020,21,DEN,16,14,113,52,856,16.5,3,53.5,46.0,7.6,39,36.3,105.6,157.6,6.60,9.85,WR,JeudJe00
30,Calvin Ridley,821,142.8,2018,24,ATL,16,5,92,64,821,12.8,10,51.3,69.6,8.9,39,51.1,142.8,206.8,8.93,12.93,WR,RidlCa00
31,Deebo Samuel,802,132.1,2019,23,SFO,15,11,81,57,802,14.1,3,53.5,70.4,9.9,32,53.1,132.1,189.1,8.81,12.61,WR,SamuDe00
32,George Pickens,801,114.5,2022,21,PIT,17,12,84,52,801,15.4,4,47.1,61.9,9.5,38,48.8,114.5,166.5,6.74,9.79,WR,PickGe00
33,Jayden Reed,793,153.2,2023,23,GNB,16,13,94,64,793,12.4,8,49.6,68.1,8.4,32,51.1,153.2,217.2,9.58,13.58,WR,ReedJa03
34,D.J. Moore,788,102.0,2018,21,CAR,16,10,82,55,788,14.3,2,49.3,67.1,9.6,33,53.7,102.0,157.0,6.38,9.81,WR,MoorD.00
35,Josh Downs,771,89.1,2023,22,IND,17,9,98,68,771,11.3,2,45.4,69.4,7.9,30,50.0,89.1,157.1,5.24,9.24,WR,DownJo00
36,Jarvis Landry,758,97.4,2014,22,MIA,16,11,112,84,758,9.0,5,47.4,75.0,6.8,50,52.7,97.4,181.4,6.09,11.34,WR,LandJa00
37,Brandon Aiyuk,748,124.5,2020,22,SFO,12,11,96,60,748,12.5,5,62.3,62.5,7.8,42,57.3,124.5,184.5,10.38,15.38,WR,AiyuBr00
38,Keelan Cole,748,90.8,2017,24,JAX,16,6,83,42,748,17.8,3,46.8,50.6,9.0,32,45.8,90.8,132.8,5.68,8.30,WR,ColeKe00
39,Darius Slayton,740,122.0,2019,22,NYG,14,9,84,48,740,15.4,8,52.9,57.1,8.8,32,48.8,122.0,170.0,8.71,12.14,WR,SlayDa01
40,Stefon Diggs,720,97.3,2015,22,MIN,13,9,84,52,720,13.8,4,55.4,61.9,8.6,30,46.4,97.3,149.3,7.48,11.48,WR,DiggSt00
41,Tank Dell,709,118.0,2023,24,HOU,11,8,75,47,709,15.1,7,64.5,62.7,9.5,34,54.7,118.0,165.0,10.73,15.00,WR,DellNa00
42,Courtland Sutton,704,94.3,2018,23,DEN,16,9,84,42,704,16.8,4,44.0,50.0,8.4,30,45.2,94.3,136.3,5.89,8.52,WR,SuttCo00
43,John Brown,696,99.0,2014,24,ARI,16,5,102,48,696,14.5,5,43.5,47.1,6.8,31,36.3,99.0,147.0,6.19,9.19,WR,BrowJo02
44,Sterling Shepard,683,119.4,2016,23,NYG,16,16,105,65,683,10.5,8,42.7,61.9,6.5,42,49.5,119.4,184.4,7.46,11.53,WR,ShepSt00
45,Diontae Johnson,680,104.1,2019,23,PIT,16,12,92,59,680,11.5,5,42.5,64.1,7.4,31,48.9,104.1,163.1,6.51,10.19,WR,JohnDi01
46,Allen Hurns,677,103.7,2014,23,JAX,16,8,97,51,677,13.3,6,42.3,52.6,7.0,26,38.1,103.7,154.7,6.48,9.67,WR,HurnAl01
47,Tyler Lockett,664,114.4,2015,23,SEA,16,8,69,51,664,13.0,6,41.5,73.9,9.6,31,66.7,114.4,165.4,7.15,10.34,WR,LockTy00
48,Will Fuller,635,81.2,2016,22,HOU,14,13,92,47,635,13.5,2,45.4,51.1,6.9,31,39.1,81.2,128.2,5.80,9.16,WR,FullWi01
49,Darnell Mooney,631,91.1,2020,23,CHI,16,9,98,61,631,10.3,4,39.4,62.2,6.4,33,50.0,91.1,152.1,5.69,9.51,WR,MoonDa00
50,Jaxon Smith-Njigba,628,86.8,2023,21,SEA,17,3,93,63,628,10.0,4,36.9,67.7,6.8,29,47.3,86.8,149.8,5.11,8.81,WR,SmitJa06
51,Taylor Gabriel,621,69.1,2014,23,CLE,16,2,72,36,621,17.3,1,38.8,50.0,8.6,26,40.3,69.1,105.1,4.32,6.57,WR,GabrTa00
52,Christian Watson,611,123.1,2022,23,GNB,14,11,66,41,611,14.9,7,43.6,62.1,9.3,28,50.0,123.1,164.1,8.79,11.72,WR,WatsCh00
53,Hunter Renfrow,605,84.5,2019,24,OAK,13,4,71,49,605,12.3,4,46.5,69.0,8.5,30,54.9,84.5,133.5,6.50,10.27,WR,RenfHu00
54,Jamison Crowder,604,74.6,2015,22,WAS,16,6,78,59,604,10.2,2,37.8,75.6,7.7,34,57.7,74.6,133.6,4.66,8.35,WR,CrowJa00
55,Tyler Boyd,603,70.1,2016,22,CIN,16,2,81,54,603,11.2,1,37.7,66.7,7.4,33,55.6,70.1,124.1,4.38,7.76,WR,BoydTy00
56,Laviska Shenault Jr.,600,99.1,2020,22,JAX,14,12,79,58,600,10.3,5,42.9,73.4,7.6,33,53.2,99.1,157.1,7.08,11.22,WR,ShenLa00
57,Gabriel Davis,599,101.9,2020,21,BUF,16,11,62,35,599,17.1,7,37.4,56.5,9.7,27,53.2,101.9,136.9,6.37,8.56,WR,DaviGa01
58,Tyreek Hill,593,156.0,2016,22,KAN,16,1,83,61,593,9.7,6,37.1,73.5,7.1,31,50.6,156.0,217.0,9.75,13.56,WR,HillTy00
59,Alec Pierce,593,71.3,2022,22,IND,16,12,78,41,593,14.5,2,37.1,52.6,7.6,28,46.2,71.3,112.3,4.46,7.02,WR,PierAl00
60,Christian Kirk,590,80.5,2018,22,ARI,12,7,68,43,590,13.7,3,49.2,63.2,8.7,21,44.1,80.5,123.5,6.71,10.29,WR,KirkCh01
61,Robbie Chosen,587,72.9,2016,23,NYJ,16,8,78,42,587,14.0,2,36.7,53.8,7.5,19,43.6,72.9,114.9,4.56,7.18,WR,AndeRo04
62,Antonio Callaway,586,89.3,2018,21,CLE,16,11,79,43,586,13.6,5,36.6,54.4,7.4,27,44.3,89.3,132.3,5.58,8.27,WR,CallAn00
63,Marquise Brown,584,100.4,2019,22,BAL,14,11,71,46,584,12.7,7,41.7,64.8,8.2,24,47.9,100.4,146.4,7.17,10.46,WR,BrowMa04
64,Marquez Valdes-Scantling,581,73.0,2018,24,GNB,16,10,73,38,581,15.3,2,36.3,52.1,8.0,23,43.8,73.0,111.0,4.56,6.94,WR,ValdMa00
65,Dontayvion Wicks,581,80.8,2023,22,GNB,15,6,58,39,581,14.9,4,38.7,67.2,10.0,29,62.1,80.8,119.8,5.39,7.99,WR,WickDo00
66,Michael Wilson,565,76.5,2023,23,ARI,13,12,58,38,565,14.9,3,43.5,65.5,9.7,29,56.9,76.5,114.5,5.88,8.81,WR,WilsMi02
67,Demario Douglas,561,58.2,2023,23,NWE,14,7,79,49,561,11.4,0,40.1,62.0,7.1,26,45.6,58.2,107.2,4.16,7.66,WR,DougDe00
68,Brandin Cooks,550,86.3,2014,21,NOR,10,7,69,53,550,10.4,3,55.0,76.8,8.0,25,58.0,86.3,139.3,8.63,13.93,WR,CookBr00
69,Martavis Bryant,549,104.1,2014,23,PIT,10,3,48,26,549,21.1,8,54.9,54.2,11.4,16,45.8,104.1,130.1,10.41,13.01,WR,BryaMa00
70,Dorial Green-Beckham,549,80.9,2015,22,TEN,16,5,67,32,549,17.2,4,34.3,47.8,8.2,30,47.8,80.9,112.9,5.06,7.06,WR,GreeDo00
71,Allen Robinson,548,68.8,2014,21,JAX,10,8,81,48,548,11.4,2,54.8,59.3,6.8,26,49.4,68.8,116.8,6.88,11.68,WR,RobiAl02
72,Robert Foster,541,72.1,2018,24,BUF,13,3,44,27,541,20.0,3,41.6,61.4,12.3,20,52.3,72.1,99.1,5.55,7.62,WR,FostRo01
73,Mecole Hardman,538,93.5,2019,21,KAN,16,5,41,26,538,20.7,6,33.6,63.4,13.1,18,58.5,93.5,119.5,5.84,7.47,WR,HardMe00
74,Elijah Moore,538,95.2,2021,21,NYJ,11,6,77,43,538,12.5,5,48.9,55.8,7.0,24,45.5,95.2,138.2,8.65,12.56,WR,MoorEl00
75,Chris Godwin,525,58.5,2017,21,TAM,16,2,55,34,525,15.4,1,32.8,61.8,9.5,27,58.2,58.5,92.5,3.66,5.78,WR,GodwCh00
76,Jahan Dotson,523,95.6,2022,22,WAS,12,10,61,35,523,14.9,7,43.6,57.4,8.6,26,50.8,95.6,130.6,7.97,10.88,WR,DotsJa00
77,Tajae Sharpe,522,64.3,2016,22,TEN,16,10,83,41,522,12.7,2,32.6,49.4,6.3,27,45.8,64.3,105.3,4.02,6.58,WR,SharTa00
78,Rashod Bateman,515,57.5,2021,22,BAL,12,4,68,46,515,11.2,1,42.9,67.6,7.6,29,58.8,57.5,103.5,4.79,8.63,WR,BateRa00
79,Michael Gallup,507,64.7,2018,22,DAL,16,8,68,33,507,15.4,2,31.7,48.5,7.5,21,41.2,64.7,97.7,4.04,6.11,WR,GallMi00
80,Michael Pittman Jr.,503,58.9,2020,23,IND,13,8,61,40,503,12.6,1,38.7,65.6,8.2,22,50.8,58.9,98.9,4.53,7.61,WR,PittMi01
81,DeVante Parker,494,67.4,2015,22,MIA,14,4,50,26,494,19.0,3,35.3,52.0,9.9,20,42.0,67.4,93.4,4.81,6.67,WR,ParkDe01
82,Rashid Shaheed,488,72.5,2022,24,NOR,12,6,34,28,488,17.4,2,40.7,82.4,14.4,18,70.6,72.5,100.5,6.04,8.38,WR,ShahRa00
83,Seth Roberts,480,80.0,2015,24,OAK,16,5,55,32,480,15.0,5,30.0,58.2,8.7,21,49.1,80.0,112.0,5.00,7.00,WR,RobeSe00
84,Kenny Golladay,477,66.6,2017,24,DET,11,5,48,28,477,17.0,3,43.4,58.3,9.9,18,50.0,66.6,94.6,6.05,8.60,WR,GollKe00
85,Charles Johnson,475,60.4,2014,25,MIN,12,6,59,31,475,15.3,2,39.6,52.5,8.1,19,47.5,60.4,91.4,5.03,7.62,WR,JohnCh08
86,Devin Funchess,473,75.3,2015,21,CAR,16,5,63,31,473,15.3,5,29.6,49.2,7.5,24,47.6,75.3,106.3,4.71,6.64,WR,FuncDe00
87,Dante Pettis,467,76.5,2018,23,SFO,12,7,45,27,467,17.3,5,38.9,60.0,10.4,19,44.4,76.5,103.5,6.38,8.63,WR,PettDa00
88,Brandon Coleman,454,57.4,2015,23,NOR,16,4,49,30,454,15.1,2,28.4,61.2,9.3,22,55.1,57.4,87.4,3.59,5.46,WR,ColeBr00
89,Henry Ruggs III,452,58.1,2020,21,LVR,13,12,43,26,452,17.4,2,34.8,60.5,10.5,13,53.5,58.1,84.1,4.47,6.47,WR,RuggHe00
90,Davante Adams,446,62.6,2014,22,GNB,16,11,66,38,446,11.7,3,27.9,57.6,6.8,23,48.5,62.6,100.6,3.91,6.29,WR,AdamDa01
91,Nico Collins,446,50.6,2021,22,HOU,14,8,60,33,446,13.5,1,31.9,55.0,7.4,22,48.3,50.6,83.6,3.61,5.97,WR,CollNi00
92,Treylon Burks,444,61.1,2022,22,TEN,11,6,54,33,444,13.5,1,40.4,61.1,8.2,19,50.0,61.1,94.1,5.55,8.55,WR,BurkTr00
93,Donte Moncrief,444,64.1,2014,21,IND,16,2,49,32,444,13.9,3,27.8,65.3,9.1,15,44.9,64.1,96.1,4.01,6.01,WR,MoncDo00
94,Rondale Moore,435,55.1,2021,21,ARI,14,7,64,54,435,8.1,1,31.1,84.4,6.8,18,54.7,55.1,109.1,3.94,7.79,WR,MoorRo02
95,Quentin Johnston,431,56.0,2023,22,LAC,17,10,67,38,431,11.3,2,25.4,56.7,6.4,20,47.8,56.0,94.0,3.29,5.53,WR,JohnQu02
96,Trent Taylor,430,53.0,2017,23,SFO,15,1,60,43,430,10.0,2,28.7,71.7,7.2,27,51.7,53.0,96.0,3.53,6.40,WR,TaylTr02
97,Preston Williams,428,58.8,2019,22,MIA,8,7,60,32,428,13.4,3,53.5,53.3,7.1,24,51.7,58.8,90.8,7.35,11.35,WR,WillPr01
98,Tre'Quan Smith,427,72.7,2018,22,NOR,15,7,44,28,427,15.3,5,28.5,63.6,9.7,23,61.4,72.7,100.7,4.85,6.71,WR,SmitTr03
99,Romeo Doubs,425,59.6,2022,22,GNB,13,7,67,42,425,10.1,3,32.7,62.7,6.3,20,46.3,59.6,101.6,4.58,7.82,WR,DoubRo00
100,Anthony Miller,423,87.2,2018,24,CHI,15,4,54,33,423,12.8,7,28.2,61.1,7.8,19,50.0,87.2,120.2,5.81,8.01,WR,MillAn02
101,Marqise Lee,422,49.1,2014,23,JAX,13,8,69,37,422,11.4,1,32.5,53.6,6.1,21,44.9,49.1,86.1,3.78,6.62,WR,LeexMa00
102,Kadarius Toney,420,43.4,2021,22,NYG,10,4,57,39,420,10.8,0,42.0,68.4,7.4,21,52.6,43.4,82.4,4.34,8.24,WR,ToneKa00
103,Jonathan Mingo,418,41.8,2023,22,CAR,15,14,85,43,418,9.7,0,27.9,50.6,4.9,15,32.9,41.8,84.8,2.79,5.65,WR,MingJo00
104,Corey Coleman,413,60.3,2016,22,CLE,10,10,73,33,413,12.5,3,41.3,45.2,5.7,18,37.0,60.3,93.3,6.03,9.33,WR,ColeCo00
105,Malcolm Mitchell,401,64.1,2016,24,NWE,14,6,48,32,401,12.5,4,28.6,66.7,8.4,23,58.3,64.1,96.1,4.58,6.86,WR,MitcMa01
106,Jalen Reagor,396,56.2,2020,21,PHI,11,11,54,31,396,12.8,1,36.0,57.4,7.3,19,46.3,56.2,87.2,5.11,7.93,WR,ReagJa00
107,Trey Palmer,385,56.7,2023,22,TAM,17,8,68,39,385,9.9,3,22.6,57.4,5.7,17,41.2,56.7,95.7,3.34,5.63,WR,PalmTr00
108,KJ Hamler,381,60.1,2020,21,DEN,13,4,56,30,381,12.7,3,29.3,53.6,6.8,17,37.5,60.1,90.1,4.62,6.93,WR,HamlKJ00
109,Marvin Mims,377,48.7,2023,21,DEN,16,7,33,22,377,17.1,1,23.6,66.7,11.4,9,48.5,48.7,70.7,3.04,4.42,WR,MimsMa00
110,Corey Davis,375,35.5,2017,22,TEN,11,9,65,34,375,11.0,0,34.1,52.3,5.8,17,36.9,35.5,69.5,3.23,6.32,WR,DaviCo03
111,Jalin Hyatt,373,37.3,2023,22,NYG,17,7,40,23,373,16.2,0,21.9,57.5,9.3,11,47.5,37.3,60.3,2.19,3.55,WR,HyatJa00
112,Kelvin Harmon,365,36.9,2019,23,WAS,16,8,44,30,365,12.2,0,22.8,68.2,8.3,16,56.8,36.9,66.9,2.31,4.18,WR,HarmKe00
113,Jeremy Butler,363,36.3,2015,24,BAL,8,0,44,31,363,11.7,0,45.4,70.5,8.3,17,52.3,36.3,67.3,4.54,8.41,WR,ButlJe01
114,Jakobi Meyers,359,35.9,2019,23,NWE,15,1,41,26,359,13.8,0,23.9,63.4,8.8,17,53.7,35.9,61.9,2.39,4.13,WR,MeyeJa01
115,Denzel Mims,357,37.7,2020,23,NYJ,9,8,44,23,357,15.5,0,39.7,52.3,8.1,15,40.9,37.7,60.7,4.19,6.74,WR,MimsDe00
116,Josh Palmer,353,59.9,2021,22,LAC,17,5,49,33,353,10.7,4,20.8,67.3,7.2,18,55.1,59.9,92.9,3.52,5.46,WR,PalmJo00
117,Quintez Cephus,349,46.9,2020,22,DET,13,2,35,20,349,17.5,2,26.8,57.1,10.0,16,54.3,46.9,66.9,3.61,5.15,WR,CephQu00
118,Dede Westbrook,339,39.9,2017,24,JAX,7,5,51,27,339,12.6,1,48.4,52.9,6.6,15,41.2,39.9,66.9,5.70,9.56,WR,WestDe00
119,Tre Tucker,331,52.8,2023,22,LVR,16,1,34,19,331,17.4,2,20.7,55.9,9.7,12,41.2,52.8,71.8,3.30,4.49,WR,TuckTr00
120,Equanimeous St. Brown,328,33.3,2018,22,GNB,12,7,36,21,328,15.6,0,27.3,58.3,9.1,13,47.2,33.3,54.3,2.78,4.53,WR,St.BEq00
121,Zay Jones,316,43.6,2017,22,BUF,15,10,74,27,316,11.7,2,21.1,36.5,4.3,19,33.8,43.6,70.6,2.91,4.71,WR,JoneZa00
122,Steven Sims,310,75.5,2019,22,WAS,16,2,56,34,310,9.1,4,19.4,60.7,5.5,18,32.1,75.5,109.5,4.72,6.84,WR,SimsSt00
123,Donovan Peoples-Jones,304,44.4,2020,21,CLE,12,2,20,14,304,21.7,2,25.3,70.0,15.2,10,60.0,44.4,58.4,3.70,4.87,WR,PeopDo00
124,JJ Nelson,299,39.9,2015,23,ARI,11,2,27,11,299,27.2,2,27.2,40.7,11.1,11,40.7,39.9,50.9,3.63,4.63,WR,NelsJJ00
125,Corey Brown,296,55.1,2014,23,CAR,13,3,36,21,296,14.1,2,22.8,58.3,8.2,12,50.0,55.1,76.1,4.24,5.85,WR,BrowPh00
126,Olabisi Johnson,294,48.0,2019,22,MIN,16,6,45,31,294,9.5,3,18.4,68.9,6.5,17,55.6,48.0,79.0,3.00,4.94,WR,JohnOl00
127,Keke Coutee,287,34.7,2018,21,HOU,6,2,41,28,287,10.3,1,47.8,68.3,7.0,13,48.8,34.7,62.7,5.78,10.45,WR,CoutKe00
128,Nelson Agholor,283,32.3,2015,22,PHI,13,12,44,23,283,12.3,1,21.8,52.3,6.4,11,45.5,32.3,55.3,2.48,4.25,WR,AghoNe00
129,Chester Rogers,273,27.3,2016,22,IND,14,2,34,19,273,14.4,0,19.5,55.9,8.0,13,50.0,27.3,46.3,1.95,3.31,WR,RogeCh02
130,Collin Johnson,272,41.2,2020,23,JAX,14,0,31,18,272,15.1,2,19.4,58.1,8.8,12,51.6,41.2,59.2,2.94,4.23,WR,JohnCo01
131,Paul Richardson,271,33.1,2014,22,SEA,15,6,44,29,271,9.3,1,18.1,65.9,6.2,16,50.0,33.1,62.1,2.21,4.14,WR,RichPa01
132,Adam Humphries,260,32.0,2015,22,TAM,13,0,40,27,260,9.6,1,20.0,67.5,6.5,18,50.0,32.0,59.0,2.46,4.54,WR,HumpAd00
133,Albert Wilson,260,26.0,2014,22,KAN,12,2,28,16,260,16.3,0,21.7,57.1,9.3,12,53.6,26.0,42.0,2.17,3.50,WR,WilsAl02
134,Kendrick Bourne,257,25.7,2017,22,SFO,11,0,34,16,257,16.1,0,23.4,47.1,7.6,12,41.2,25.7,41.7,2.34,3.79,WR,BourKe00
135,Skyy Moore,250,21.4,2022,22,KAN,16,3,33,22,250,11.4,0,15.6,66.7,7.6,13,63.6,21.4,43.4,1.34,2.71,WR,MoorSk01
136,Tyquan Thornton,247,44.3,2022,22,NWE,13,9,45,22,247,11.2,2,19.0,48.9,5.5,13,40.0,44.3,66.3,3.41,5.10,WR,ThorTy00
137,A.T. Perry,246,48.6,2023,24,NOR,10,3,18,12,246,20.5,4,24.6,66.7,13.7,10,61.1,48.6,60.6,4.86,6.06,WR,PerrAT00
138,DaeSean Hamilton,243,36.3,2018,23,DEN,14,5,45,30,243,8.1,2,17.4,66.7,5.4,16,46.7,36.3,66.3,2.59,4.74,WR,HamiDa01
139,Taywan Taylor,231,33.4,2017,22,TEN,16,4,28,16,231,14.4,1,14.4,57.1,8.3,9,39.3,33.4,49.4,2.09,3.09,WR,TaylTa00
140,Xavier Gipson,229,37.7,2023,22,NYJ,17,3,38,21,229,10.9,0,13.5,55.3,6.0,9,34.2,37.7,58.7,2.22,3.45,WR,GipsXa00
141,Wan'Dale Robinson,227,28.6,2022,21,NYG,6,3,31,23,227,9.9,1,37.8,74.2,7.3,13,61.3,28.6,51.6,4.77,8.60,WR,RobiWa01
142,Mack Hollins,226,28.6,2017,24,PHI,16,0,22,16,226,14.1,1,14.1,72.7,10.3,8,63.6,28.6,44.6,1.79,2.79,WR,HollMa00
143,Phillip Dorsett,225,28.2,2015,22,IND,11,0,39,18,225,12.5,1,20.5,46.2,5.8,10,33.3,28.2,46.2,2.56,4.20,WR,DorsPh00
144,Cedric Tillman,224,23.2,2023,23,CLE,14,3,44,21,224,10.7,0,16.0,47.7,5.1,12,40.9,23.2,44.2,1.66,3.16,WR,TillCe01
145,Van Jefferson,220,27.9,2020,24,LAR,16,0,31,19,220,11.6,1,13.8,61.3,7.1,11,54.8,27.9,46.9,1.74,2.93,WR,JeffVa00
146,James Washington,217,27.7,2018,22,PIT,14,6,38,16,217,13.6,1,15.5,42.1,5.7,11,42.1,27.7,43.7,1.98,3.12,WR,WashJa00
147,David Bell,214,21.4,2022,22,CLE,16,3,35,24,214,8.9,0,13.4,68.6,6.1,7,40.0,21.4,45.4,1.34,2.84,WR,BellDa02
148,Marquez Callaway,213,21.3,2020,22,NOR,11,3,27,21,213,10.1,0,19.4,77.8,7.9,10,70.4,21.3,42.3,1.94,3.85,WR,CallMa01
149,Lynn Bowden Jr.,211,25.6,2020,23,MIA,10,4,37,28,211,7.5,0,21.1,75.7,5.7,13,51.4,25.6,53.6,2.56,5.36,WR,BowdLy00
150,Trent Sherfield,210,27.0,2018,22,ARI,13,2,28,19,210,11.1,1,16.2,67.9,7.5,11,57.1,27.0,46.0,2.08,3.54,WR,SherTr00
151,Keith Kirkwood,209,32.9,2018,24,NOR,8,1,21,13,209,16.1,2,26.1,61.9,10.0,10,57.1,32.9,45.9,4.11,5.74,WR,KirkKe00
152,Antoine Wesley,208,38.8,2021,24,ARI,15,4,32,19,208,10.9,3,13.9,59.4,6.5,9,46.9,38.8,57.8,2.59,3.85,WR,WeslAn01
153,Ricardo Louis,205,20.5,2016,22,CLE,16,3,35,18,205,11.4,0,12.8,51.4,5.9,7,40.0,20.5,38.5,1.28,2.41,WR,LouiRi00
154,Bennie Fowler,203,20.3,2015,24,DEN,16,1,25,16,203,12.7,0,12.7,64.0,8.1,11,48.0,20.3,36.3,1.27,2.27,WR,FowlBe00
155,Geronimo Allison,202,32.2,2016,22,GNB,10,2,22,12,202,16.8,2,20.2,54.5,9.2,11,50.0,32.2,44.2,3.22,4.42,WR,AlliGe01
156,Devin Duvernay,201,33.1,2020,23,BAL,16,3,26,20,201,10.1,0,12.6,76.9,7.7,8,46.2,33.1,53.1,2.07,3.32,WR,DuveDe00
157,Ricky Seals-Jones,201,38.1,2017,22,ARI,10,1,28,12,201,16.8,3,20.1,42.9,7.2,10,39.3,38.1,50.1,3.81,5.01,WR,SealRi00
158,Cody Core,200,20.0,2016,22,CIN,8,4,27,17,200,11.8,0,25.0,63.0,7.4,7,44.4,20.0,37.0,2.50,4.63,WR,CoreCo00
159,Scott Miller,200,27.6,2019,22,TAM,10,2,26,13,200,15.4,1,20.0,50.0,7.7,5,34.6,27.6,40.6,2.76,4.06,WR,MillSc01
160,Chris Conley,199,25.9,2015,23,KAN,16,5,31,17,199,11.7,1,12.4,54.8,6.4,12,51.6,25.9,42.9,1.62,2.68,WR,ConlCh00
161,Miles Boykin,198,37.8,2019,23,BAL,16,11,22,13,198,15.2,3,12.4,59.1,9.0,10,59.1,37.8,50.8,2.36,3.18,WR,BoykMi00
162,Isaiah Wright,197,19.3,2020,23,WAS,14,6,35,27,197,7.3,0,14.1,77.1,5.6,10,48.6,19.3,46.3,1.38,3.31,WR,WrigIs01
163,Jake Bobo,196,37.9,2023,25,SEA,17,0,25,19,196,10.3,2,11.5,76.0,7.8,9,60.0,37.9,56.9,2.23,3.35,WR,BoboJa00
164,Javontee Herndon,195,18.8,2015,24,SDG,8,2,33,24,195,8.1,0,24.4,72.7,5.9,8,45.5,18.8,42.8,2.35,5.35,WR,HernJa00
165,Justin Hardy,194,19.4,2015,24,ATL,9,1,36,21,194,9.2,0,21.6,58.3,5.4,11,41.7,19.4,40.4,2.16,4.49,WR,HardJu00
166,Bryan Edwards,193,25.3,2020,22,LVR,12,3,15,11,193,17.5,1,16.1,73.3,12.9,9,66.7,25.3,36.3,2.11,3.03,WR,EdwaBr01
167,Andy Isabella,189,26.4,2019,23,ARI,15,1,13,9,189,21.0,1,12.6,69.2,14.5,4,53.8,26.4,35.4,1.76,2.36,WR,IsabAn00
168,KeeSean Johnson,187,25.0,2019,23,ARI,10,4,42,21,187,8.9,1,18.7,50.0,4.5,10,38.1,25.0,46.0,2.50,4.60,WR,JohnKe07
169,Kevin White,187,19.6,2016,24,CHI,4,4,36,19,187,9.8,0,46.8,52.8,5.2,8,38.9,19.6,38.6,4.90,9.65,WR,WhitKe00
170,Charone Peake,186,24.6,2016,24,NYJ,15,1,35,19,186,9.8,0,12.4,54.3,5.3,7,42.9,24.6,43.6,1.64,2.91,WR,PeakCh00
171,Demetric Felton,181,32.5,2021,23,CLE,16,2,21,18,181,10.1,2,11.3,85.7,8.6,10,57.1,32.5,50.5,2.03,3.16,WR,FeltDe00
172,Jalen Nailor,179,23.9,2022,23,MIN,15,0,13,9,179,19.9,1,11.9,69.2,13.8,7,69.2,23.9,32.9,1.59,2.19,WR,NailJa00
173,DJ Chark,174,15.4,2018,22,JAX,11,0,32,14,174,12.4,0,15.8,43.8,5.4,6,40.6,15.4,29.4,1.40,2.67,WR,CharDJ00
174,Byron Pringle,170,23.0,2019,26,KAN,16,0,16,12,170,14.2,1,10.6,75.0,10.6,7,62.5,23.0,35.0,1.44,2.19,WR,PrinBy00
175,JJ Arcega-Whiteside,169,22.9,2019,22,PHI,16,5,22,10,169,16.9,1,10.6,45.5,7.7,7,45.5,22.9,32.9,1.43,2.06,WR,ArceJJ00
176,Tyler Johnson,169,28.9,2020,22,TAM,14,3,17,12,169,14.1,2,12.1,70.6,9.9,9,52.9,28.9,40.9,2.06,2.92,WR,JohnTy00
177,Tyler Scott,168,18.9,2023,22,CHI,17,4,32,17,168,9.9,0,9.9,53.1,5.3,10,43.8,18.9,35.9,1.11,2.11,WR,ScotTy00
178,John Hightower,167,18.8,2020,24,PHI,13,4,29,10,167,16.7,0,12.8,34.5,5.8,5,27.6,18.8,28.8,1.45,2.22,WR,HighJo00
179,Dyami Brown,165,16.1,2021,22,WAS,15,6,25,12,165,13.8,0,11.0,48.0,6.6,6,36.0,16.1,28.1,1.07,1.87,WR,BrowDy00
180,Jalin Marshall,162,24.2,2016,21,NYJ,10,1,23,14,162,11.6,2,16.2,60.9,7.0,9,43.5,24.2,38.2,2.42,3.82,WR,MarsJa01
181,Khalil Shakir,161,24.1,2022,22,BUF,14,2,20,10,161,16.1,1,11.5,50.0,8.1,7,40.0,24.1,34.1,1.72,2.44,WR,ShakKh00
182,Jaelen Strong,161,34.1,2015,21,HOU,10,1,24,14,161,11.5,3,16.1,58.3,6.7,9,50.0,34.1,48.1,3.41,4.81,WR,StroJa01
183,Freddie Swain,159,27.9,2020,22,SEA,16,1,21,13,159,12.2,2,9.9,61.9,7.6,6,42.9,27.9,40.9,1.74,2.56,WR,SwaiFr00
184,Marcell Ateman,154,21.4,2018,24,OAK,7,6,31,15,154,10.3,1,22.0,48.4,5.0,7,35.5,21.4,36.4,3.06,5.20,WR,AtemMa00
185,Brenton Bersin,151,21.1,2014,24,CAR,15,1,20,13,151,11.6,1,10.1,65.0,7.6,11,65.0,21.1,34.1,1.41,2.27,WR,BersBr00
186,Damion Ratley,144,14.4,2018,23,CLE,13,3,20,13,144,11.1,0,11.1,65.0,7.2,5,55.0,14.4,27.4,1.11,2.11,WR,RatlDa00
187,Deontay Burnett,143,14.3,2018,21,NYJ,5,1,15,10,143,14.3,0,28.6,66.7,9.5,7,53.3,14.3,24.3,2.86,4.86,WR,BurnDe00
188,Terrace Marshall Jr.,138,15.8,2021,21,CAR,13,3,30,17,138,8.1,0,10.6,56.7,4.6,7,36.7,15.8,32.8,1.22,2.52,WR,MarsTe00
189,Adam Thielen,137,19.7,2014,24,MIN,16,2,13,8,137,17.1,1,8.6,61.5,10.5,7,53.8,19.7,27.7,1.23,1.73,WR,ThieAd00
190,Ty Montgomery,136,27.0,2015,22,GNB,6,3,19,15,136,9.1,2,22.7,78.9,7.2,6,63.2,27.0,42.0,4.50,7.00,WR,MontTy01
191,Anthony Schwartz,135,23.4,2021,21,CLE,14,2,23,10,135,13.5,1,9.6,43.5,5.9,6,34.8,23.4,33.4,1.67,2.39,WR,SchwAn00
192,Keelan Doss,133,13.3,2019,23,OAK,8,2,14,11,133,12.1,0,16.6,78.6,9.5,6,71.4,13.3,24.3,1.66,3.04,WR,DossKe00
193,Ben Skowronek,133,13.3,2021,24,LAR,14,1,20,11,133,12.1,0,9.5,55.0,6.7,7,40.0,13.3,24.3,0.95,1.74,WR,SkowBe00
194,Donteea Dye,132,19.2,2015,22,TAM,10,5,30,11,132,12.0,1,13.2,36.7,4.4,8,30.0,19.2,30.2,1.92,3.02,WR,DyexDo00
195,Parker Washington,132,23.2,2023,21,JAX,9,1,21,16,132,8.3,2,14.7,76.2,6.3,5,52.4,23.2,39.2,2.58,4.36,WR,WashPa01
196,Richie James,130,23.0,2018,23,SFO,13,2,14,9,130,14.4,1,10.0,64.3,9.3,4,50.0,23.0,32.0,1.77,2.46,WR,JameRi00
197,Keith Mumphery,129,12.9,2015,23,HOU,16,3,32,14,129,9.2,0,8.1,43.8,4.0,5,37.5,12.9,26.9,0.81,1.68,WR,MumpKe00
198,Brandon Powell,129,13.3,2018,23,DET,6,1,17,11,129,11.7,0,21.5,64.7,7.6,6,52.9,13.3,24.3,2.22,4.05,WR,PoweBr00
199,Parris Campbell,127,20.1,2019,22,IND,7,3,24,18,127,7.1,1,18.1,75.0,5.3,6,29.2,20.1,38.1,2.87,5.44,WR,CampPa00
200,Paul Turner,126,12.6,2016,23,PHI,4,2,14,9,126,14.0,0,31.5,64.3,9.0,6,50.0,12.6,21.6,3.15,5.40,WR,TurnPa01
201,Malik Heath,125,18.5,2023,23,GNB,13,1,24,15,125,8.3,1,9.6,62.5,5.2,6,41.7,18.5,33.5,1.42,2.58,WR,HeatMa00
202,Deon Cain,124,12.4,2019,23,INDPIT,13,6,20,9,124,13.8,0,9.5,45.0,6.2,7,45.0,12.4,21.4,0.95,1.65,WR,CainDe00
203,Cameron Meredith,120,12.0,2015,23,CHI,11,0,16,11,120,10.9,0,10.9,68.8,7.5,5,37.5,12.0,23.0,1.09,2.09,WR,MereCa00
204,Darius Jennings,117,11.7,2015,23,CLE,4,1,21,14,117,8.4,0,29.3,66.7,5.6,7,57.1,11.7,25.7,2.93,6.43,WR,JennDa00
205,Andrei Iosivas,116,35.6,2023,24,CIN,16,1,25,15,116,7.7,4,7.3,60.0,4.6,11,60.0,35.6,50.6,2.23,3.16,WR,IosiAn00
206,Ihmir Smith-Marsette,116,23.6,2021,22,MIN,8,1,6,5,116,23.2,2,14.5,83.3,19.3,4,83.3,23.6,28.6,2.95,3.58,WR,SmitIh00
207,Curtis Samuel,115,17.9,2017,21,CAR,9,4,26,15,115,7.7,0,12.8,57.7,4.4,6,38.5,17.9,32.9,1.99,3.66,WR,SamuCu00
208,Devin Smith,115,15.5,2015,23,NYJ,10,3,28,9,115,12.8,1,11.5,32.1,4.1,5,32.1,15.5,24.5,1.55,2.45,WR,SmitDe04
209,Olamide Zaccheaus,115,23.5,2019,22,ATL,10,0,5,3,115,38.3,1,11.5,60.0,23.0,2,60.0,23.5,26.5,2.35,2.65,WR,ZaccOl01
210,Jared Abbrederis,111,11.1,2015,25,GNB,10,0,16,9,111,12.3,0,11.1,56.3,6.9,5,43.8,11.1,20.1,1.11,2.01,WR,AbbrJa00
211,Velus Jones Jr.,107,27.0,2022,25,CHI,12,2,14,7,107,15.3,1,8.9,50.0,7.6,4,28.6,27.0,34.0,2.25,2.83,WR,JoneVe00
212,Pharoh Cooper,106,8.6,2016,21,LAR,10,3,20,14,106,7.6,0,10.6,70.0,5.3,5,25.0,8.6,22.6,0.86,2.26,WR,CoopPh00
213,Quez Watkins,106,16.6,2020,22,PHI,6,0,13,7,106,15.1,1,17.7,53.8,8.2,4,30.8,16.6,23.6,2.77,3.93,WR,WatkQu00
214,N'Keal Harry,105,27.4,2019,22,NWE,7,5,24,12,105,8.8,2,15.0,50.0,4.4,7,41.7,27.4,39.4,3.91,5.63,WR,HarrNK00
215,Josh Reynolds,104,16.4,2017,22,LAR,16,1,24,11,104,9.5,1,6.5,45.8,4.3,8,33.3,16.4,27.4,1.03,1.71,WR,ReynJo00
216,Shi Smith,104,10.1,2021,23,CAR,6,0,11,6,104,17.3,0,17.3,54.5,9.5,3,45.5,10.1,16.1,1.68,2.68,WR,SmitSh03
217,Jake Kumerow,103,16.3,2018,26,GNB,5,2,11,8,103,12.9,1,20.6,72.7,9.4,4,72.7,16.3,24.3,3.26,4.86,WR,KumeJa00
218,Michael Campanaro,102,16.2,2014,23,BAL,4,0,9,7,102,14.6,1,25.5,77.8,11.3,5,66.7,16.2,23.2,4.05,5.80,WR,CampMi02
219,Kevin Norwood,102,10.2,2014,25,SEA,9,2,10,9,102,11.3,0,11.3,90.0,10.2,5,60.0,10.2,19.2,1.13,2.13,WR,NorwKe00
220,Travis Rudolph,101,10.1,2017,22,NYG,7,1,21,8,101,12.6,0,14.4,38.1,4.8,4,23.8,10.1,18.1,1.44,2.59,WR,RudoTr00
221,Braxton Miller,99,15.9,2016,24,HOU,10,6,28,15,99,6.6,1,9.9,53.6,3.5,6,25.0,15.9,30.9,1.59,3.09,WR,MillBr03
222,Josh Huff,98,14.5,2014,23,PHI,12,0,18,8,98,12.3,0,8.2,44.4,5.4,4,38.9,14.5,22.5,1.21,1.88,WR,HuffJo00
223,Roger Lewis,97,21.7,2016,23,NYG,13,1,19,7,97,13.9,2,7.5,36.8,5.1,4,31.6,21.7,28.7,1.67,2.21,WR,LewiRo03
224,Mike Williams,95,9.5,2017,23,LAC,10,1,23,11,95,8.6,0,9.5,47.8,4.1,7,39.1,9.5,20.5,0.95,2.05,WR,WillMi07
225,Justin Brown,94,7.4,2014,23,PIT,8,1,21,12,94,7.8,0,11.8,57.1,4.5,4,47.6,7.4,19.4,0.93,2.43,WR,BrowJu00
226,Chad Hansen,94,9.4,2017,22,NYJ,15,1,17,9,94,10.4,0,6.3,52.9,5.5,7,35.3,9.4,18.4,0.63,1.23,WR,HansCh00
227,Rashad Greene,93,27.3,2015,23,JAX,9,0,35,19,93,4.9,2,10.3,54.3,2.7,9,37.1,27.3,46.3,3.03,5.14,WR,GreeRa00
228,Malcolm Perry,92,15.7,2020,23,MIA,9,2,13,9,92,10.2,1,10.2,69.2,7.1,4,61.5,15.7,24.7,1.74,2.74,WR,PerrMa00
229,Austin Mack,91,9.1,2020,23,NYG,11,1,11,7,91,13.0,0,8.3,63.6,8.3,5,54.5,9.1,16.1,0.83,1.46,WR,MackAu01
230,Vyncint Smith,91,15.1,2018,22,HOU,7,1,10,5,91,18.2,1,13.0,50.0,9.1,3,40.0,15.1,20.1,2.16,2.87,WR,SmitVy00
231,James Wright,91,12.1,2014,23,CIN,11,0,16,5,91,18.2,0,8.3,31.3,5.7,5,31.3,12.1,17.1,1.10,1.55,WR,WrigJa03
232,Xavier Hutchinson,90,13.9,2023,23,HOU,16,0,19,8,90,11.3,0,5.6,42.1,4.7,3,21.1,13.9,21.9,0.87,1.37,WR,HutcXa00
233,Tyrell Williams,90,15.0,2015,23,SDG,7,0,6,2,90,45.0,1,12.9,33.3,15.0,,,15.0,17.0,2.14,2.43,WR,WillTy00
234,Aaron Burbridge,88,6.8,2016,23,SFO,16,3,16,7,88,12.6,0,5.5,43.8,5.5,5,37.5,6.8,13.8,0.43,0.86,WR,BurbAa00
235,Bradley Marquez,88,6.8,2015,23,STL,16,1,22,13,88,6.8,0,5.5,59.1,4.0,3,27.3,6.8,19.8,0.43,1.24,WR,MarqBr00
236,Jesper Horsted,87,12.7,2019,22,CHI,6,1,10,8,87,10.9,1,14.5,80.0,8.7,4,60.0,12.7,20.7,2.12,3.45,WR,HorsJe00
237,Chris Thompson,84,8.4,2017,23,HOU,13,0,6,5,84,16.8,0,6.5,83.3,14.0,5,83.3,8.4,13.4,0.65,1.03,WR,ThomCh05
238,Dax Milne,83,6.4,2021,22,WAS,13,1,14,9,83,9.2,0,6.4,64.3,5.9,4,42.9,6.4,15.4,0.49,1.18,WR,MilnDa00
239,Cameron Batson,82,8.3,2018,23,TEN,11,2,11,8,82,10.3,0,7.5,72.7,7.5,5,63.6,8.3,16.3,0.75,1.48,WR,BatsCa00
240,ArDarius Stewart,82,10.9,2017,24,NYJ,15,2,13,6,82,13.7,0,5.5,46.2,6.3,2,23.1,10.9,16.9,0.73,1.13,WR,StewAr00
241,Samori Toure,82,14.2,2022,24,GNB,11,2,10,5,82,16.4,1,7.5,50.0,8.2,2,30.0,14.2,19.2,1.29,1.75,WR,TourSa00
242,Damion Willis,82,8.2,2019,22,CIN,10,2,16,9,82,9.1,0,8.2,56.3,5.1,3,43.8,8.2,17.2,0.82,1.72,WR,WillDa11
243,Bryce Treggs,80,8.7,2016,22,PHI,9,1,12,3,80,26.7,0,8.9,25.0,6.7,3,25.0,8.7,11.7,0.97,1.30,WR,TregBr00
244,DeMichael Harris,79,12.5,2020,22,IND,7,0,10,10,79,7.9,0,11.3,100.0,7.9,3,70.0,12.5,22.5,1.79,3.21,WR,HarrDe09
245,Kyle Philips,78,3.8,2022,23,TEN,4,0,13,8,78,9.8,0,19.5,61.5,6.0,3,38.5,3.8,11.8,0.95,2.95,WR,PhilKy01
246,Rashard Higgins,77,7.7,2016,22,CLE,16,0,12,6,77,12.8,0,4.8,50.0,6.4,5,41.7,7.7,13.7,0.48,0.86,WR,HiggRa00
247,Tommylee Lewis,76,8.7,2016,24,NOR,12,1,11,7,76,10.9,0,6.3,63.6,6.9,4,45.5,8.7,15.7,0.73,1.31,WR,LewiTo00
248,Trey Quinn,75,13.5,2018,23,WAS,3,2,10,9,75,8.3,1,25.0,90.0,7.5,5,70.0,13.5,22.5,4.50,7.50,WR,QuinTr00
249,Jalen Virgil,75,11.5,2022,24,DEN,9,1,5,2,75,37.5,1,8.3,40.0,15.0,2,40.0,11.5,13.5,1.28,1.50,WR,VirgJa00
250,Wendall Williams,75,7.5,2016,26,HOU,3,0,7,4,75,18.8,0,25.0,57.1,10.7,3,42.9,7.5,11.5,2.50,3.83,WR,WillWe00
251,Amara Darboh,71,7.1,2017,23,SEA,16,0,13,8,71,8.9,0,4.4,61.5,5.5,2,38.5,7.1,15.1,0.44,0.94,WR,DarbAm00
252,Alex Erickson,71,7.1,2016,24,CIN,16,0,8,6,71,11.8,0,4.4,75.0,8.9,3,62.5,7.1,13.1,0.44,0.82,WR,EricAl01
253,Riley Ridley,69,6.9,2019,23,CHI,5,0,7,6,69,11.5,0,13.8,85.7,9.9,4,71.4,6.9,12.9,1.38,2.58,WR,RidlRi00
254,Ronnie Bell,68,24.8,2023,23,SFO,17,0,13,6,68,11.3,3,4.0,46.2,5.2,5,46.2,24.8,30.8,1.46,1.81,WR,BellRo01
255,Ryan Grant,68,6.8,2014,24,WAS,16,2,15,7,68,9.7,0,4.3,46.7,4.5,4,40.0,6.8,13.8,0.43,0.86,WR,GranRy01
256,Derius Davis,66,20.7,2023,23,LAC,17,2,17,15,66,4.4,0,3.9,88.2,3.9,0,23.5,20.7,35.7,1.22,2.10,WR,DaviDe02
257,Josh Doctson,66,6.6,2016,24,WAS,2,0,6,2,66,33.0,0,33.0,33.3,11.0,1,33.3,6.6,8.6,3.30,4.30,WR,DoctJo00
258,Maurice Harris,66,6.6,2016,24,WAS,10,0,12,8,66,8.3,0,6.6,66.7,5.5,4,50.0,6.6,14.6,0.66,1.46,WR,HarrMa05
259,Jalen Brooks,64,6.4,2023,23,DAL,7,0,6,6,64,10.7,0,9.1,100.0,10.7,4,83.3,6.4,12.4,0.91,1.77,WR,BrooJa03
260,Daniel Brown,64,6.4,2015,23,BAL,6,1,11,6,64,10.7,0,10.7,54.5,5.8,4,45.5,6.4,12.4,1.07,2.07,WR,BrowDa04
261,D'Wayne Eskridge,64,18.3,2021,24,SEA,10,0,20,10,64,6.4,1,6.4,50.0,3.2,4,30.0,18.3,28.3,1.83,2.83,WR,EskrDW00
262,Charlie Jones,64,13.7,2023,25,CIN,11,0,9,7,64,9.1,0,5.8,77.8,7.1,3,44.4,13.7,20.7,1.25,1.88,WR,JoneCh11
263,Tyrie Cleveland,63,6.3,2020,23,DEN,10,0,9,6,63,10.5,0,6.3,66.7,7.0,4,55.6,6.3,12.3,0.63,1.23,WR,ClevTy00
264,Russell Gage,63,6.3,2018,22,ATL,15,0,10,6,63,10.5,0,4.2,60.0,6.3,2,60.0,6.3,12.3,0.42,0.82,WR,GageRu00
265,Josh Malone,63,12.5,2017,21,CIN,11,7,17,6,63,10.5,1,5.7,35.3,3.7,3,35.3,12.5,18.5,1.14,1.68,WR,MaloJo00
266,Bruce Ellington,62,27.0,2014,23,SFO,13,0,12,6,62,10.3,2,4.8,50.0,5.2,5,41.7,27.0,33.0,2.08,2.54,WR,ElliBr00
267,Tevin Jones,61,6.1,2019,27,PIT,5,0,10,4,61,15.3,0,12.2,40.0,6.1,1,40.0,6.1,10.1,1.22,2.02,WR,JoneTe02
268,Derrick Willies,61,6.1,2018,24,CLE,5,0,5,3,61,20.3,0,12.2,60.0,12.2,2,40.0,6.1,9.1,1.22,1.82,WR,WillDe06
269,Ja'Marcus Bradley,60,6.0,2020,24,CLE,3,1,11,5,60,12.0,0,20.0,45.5,5.5,2,36.4,6.0,11.0,2.00,3.67,WR,BradJa01
270,Rakim Jarrett,60,6.0,2023,22,TAM,10,0,9,4,60,15.0,0,6.0,44.4,6.7,1,33.3,6.0,10.0,0.60,1.00,WR,JarrRa00
271,Robert Herron,58,11.8,2014,22,TAM,8,0,12,6,58,9.7,1,7.3,50.0,4.8,3,50.0,11.8,17.8,1.48,2.23,WR,HerrRo00
272,Jason Brownlee,56,11.6,2023,24,NYJ,7,5,8,5,56,11.2,1,8.0,62.5,7.0,2,50.0,11.6,16.6,1.66,2.37,WR,BrowJa07
273,Andre Patton,56,5.6,2019,25,LAC,13,5,17,6,56,9.3,0,4.3,35.3,3.3,4,35.3,5.6,11.6,0.43,0.89,WR,PattAn00
274,Hunter Sharp,54,11.4,2017,23,DENNYG,3,1,9,5,54,10.8,1,18.0,55.6,6.0,2,44.4,11.4,16.4,3.80,5.47,WR,SharHu01
275,Demarcus Ayers,53,10.1,2016,22,PIT,2,1,13,6,53,8.8,1,26.5,46.2,4.1,3,46.2,10.1,16.1,5.05,8.05,WR,AyerDe00
276,Corey Washington,52,11.2,2014,23,NYG,14,0,8,5,52,10.4,1,3.7,62.5,6.5,4,50.0,11.2,16.2,0.80,1.16,WR,WashCo01
277,Ifeanyi Momah,50,5.0,2016,27,ARI,5,1,4,2,50,25.0,0,10.0,50.0,12.5,2,50.0,5.0,7.0,1.00,1.40,WR,MomaIf00
278,Dez Fitzpatrick,49,10.9,2021,24,TEN,4,0,8,5,49,9.8,1,12.3,62.5,6.1,4,50.0,10.9,15.9,2.73,3.98,WR,FitzDe00
279,Alexander Hollins,46,4.6,2019,23,MIN,5,1,4,2,46,23.0,0,9.2,50.0,11.5,2,50.0,4.6,6.6,0.92,1.32,WR,HollAl00
280,Chris Moore,46,12.5,2016,23,BAL,15,0,16,7,46,6.6,0,3.1,43.8,2.9,2,31.3,12.5,19.5,0.83,1.30,WR,MoorCh00
281,Frankie Hammond,45,4.5,2014,24,KAN,16,3,11,4,45,11.3,0,2.8,36.4,4.1,2,36.4,4.5,8.5,0.28,0.53,WR,HammFr00
282,Amari Rodgers,45,5.6,2021,22,GNB,16,1,8,4,45,11.3,0,2.8,50.0,5.6,2,50.0,5.6,9.6,0.35,0.60,WR,RodgAm00
283,Michael Woods II,45,4.0,2022,22,CLE,10,0,10,5,45,9.0,0,4.5,50.0,4.5,3,40.0,4.0,9.0,0.40,0.90,WR,WoodMi00
284,River Cracraft,44,2.4,2018,24,DEN,8,0,2,1,44,44.0,0,5.5,50.0,22.0,1,50.0,2.4,3.4,0.30,0.43,WR,CracRi00
285,Jaelon Darden,43,5.4,2021,22,TAM,9,0,12,6,43,7.2,0,4.8,50.0,3.6,1,16.7,5.4,11.4,0.60,1.27,WR,DardJa00
286,Jason Moore,43,4.3,2019,24,LAC,10,0,5,2,43,21.5,0,4.3,40.0,8.6,2,40.0,4.3,6.3,0.43,0.63,WR,MoorJa02
287,Kevin Smith,43,4.3,2015,24,SEA,7,1,5,3,43,14.3,0,6.1,60.0,8.6,2,60.0,4.3,7.3,0.61,1.04,WR,SmitKe04
288,Brandon Johnson,42,8.2,2022,24,DEN,7,1,14,6,42,7.0,1,6.0,42.9,3.0,2,21.4,8.2,14.2,1.17,2.03,WR,JohnBr23
289,Michael Clark,41,4.1,2017,22,GNB,2,0,14,4,41,10.3,0,20.5,28.6,2.9,2,28.6,4.1,8.1,2.05,4.05,WR,ClarMi00
290,Ryan Switzer,41,8.6,2017,23,DAL,16,0,7,6,41,6.8,0,2.6,85.7,5.9,4,71.4,8.6,14.6,0.54,0.91,WR,SwitRy00
291,Jameson Williams,41,14.1,2022,21,DET,6,0,9,1,41,41.0,1,6.8,11.1,4.6,1,11.1,14.1,15.1,2.35,2.52,WR,WillJa11
292,Jawill Davis,40,4.0,2018,23,NYG,7,0,8,4,40,10.0,0,5.7,50.0,5.0,3,50.0,4.0,8.0,0.57,1.14,WR,DaviJa07
293,Chad Beebe,39,3.9,2018,24,MIN,3,0,4,4,39,9.8,0,13.0,100.0,9.8,3,75.0,3.9,7.9,1.30,2.63,WR,BeebCh00
294,Juwan Johnson,39,3.9,2020,24,NOR,7,4,10,4,39,9.8,0,5.6,40.0,3.9,3,30.0,3.9,7.9,0.56,1.13,WR,JohnJu02
295,Elijah Cooks,38,3.8,2023,25,JAX,9,0,4,3,38,12.7,0,4.2,75.0,9.5,2,50.0,3.8,6.8,0.42,0.76,WR,CookEl00
296,Mike Thomas,37,1.7,2016,22,LAR,15,0,9,3,37,12.3,0,2.5,33.3,4.1,2,33.3,1.7,4.7,0.11,0.31,WR,ThomMi04
297,Jalen Tolliver,37,3.7,2018,23,ARI,3,1,6,3,37,12.3,0,12.3,50.0,6.2,3,50.0,3.7,6.7,1.23,2.23,WR,TollJa00
298,Ray-Ray McCloud,36,2.0,2018,22,BUF,10,1,6,5,36,7.2,0,3.6,83.3,6.0,2,50.0,2.0,7.0,0.20,0.70,WR,McClRa00
299,D.J. Montgomery,36,3.6,2021,25,NYJ,3,0,6,3,36,12.0,0,12.0,50.0,6.0,2,33.3,3.6,6.6,1.20,2.20,WR,MontDJ01
300,Lawrence Cager,35,3.5,2020,23,NYJ,2,1,6,2,35,17.5,0,17.5,33.3,5.8,2,33.3,3.5,5.5,1.75,2.75,WR,CageLa01
301,Tanner Gentry,35,3.5,2017,23,CHI,4,3,6,3,35,11.7,0,8.8,50.0,5.8,2,33.3,3.5,6.5,0.88,1.63,WR,GentTa00
302,Auden Tate,35,3.5,2018,21,CIN,7,0,12,4,35,8.8,0,5.0,33.3,2.9,2,16.7,3.5,7.5,0.50,1.07,WR,TateAu00
303,Johnny Holton,34,5.7,2016,26,OAK,15,0,3,2,34,17.0,0,2.3,66.7,11.3,2,66.7,5.7,7.7,0.38,0.51,WR,HoltJo00
304,Gunner Olszewski,34,1.4,2019,23,NWE,8,0,4,2,34,17.0,0,4.3,50.0,8.5,1,25.0,1.4,3.4,0.18,0.43,WR,OlszGu00
305,Seth Williams,34,3.4,2021,21,DEN,2,1,1,1,34,34.0,0,17.0,100.0,34.0,1,100.0,3.4,4.4,1.70,2.20,WR,WillSe00
306,Noah Brown,33,3.3,2017,21,DAL,13,1,9,4,33,8.3,0,2.5,44.4,3.7,3,33.3,3.3,7.3,0.25,0.56,WR,BrowNo00
307,Nick Westbrook-Ikhine,33,5.3,2020,23,TEN,14,1,8,3,33,11.0,0,2.4,37.5,4.1,3,25.0,5.3,8.3,0.38,0.59,WR,WestNi00
308,Cody White,33,3.3,2021,23,PIT,15,0,6,5,33,6.6,0,2.2,83.3,5.5,3,83.3,3.3,8.3,0.22,0.55,WR,WhitCo05
309,Deven Thompkins,32,5.8,2022,23,TAM,5,1,10,5,32,6.4,0,6.4,50.0,3.2,1,20.0,5.8,10.8,1.16,2.16,WR,ThomDe07
310,Javon Wims,32,3.2,2018,24,CHI,4,0,5,4,32,8.0,0,8.0,80.0,6.4,2,40.0,3.2,7.2,0.80,1.80,WR,WimsJa00
311,C.J. Board,31,3.1,2019,26,JAX,4,0,4,2,31,15.5,0,7.8,50.0,7.8,1,50.0,3.1,5.1,0.78,1.28,WR,BoarC.00
312,Chad Williams,31,6.4,2017,23,ARI,6,1,7,3,31,10.3,0,5.2,42.9,4.4,1,42.9,6.4,9.4,1.07,1.57,WR,WillCh05
313,Leonte Carroo,29,8.9,2016,22,MIA,14,2,6,3,29,9.7,1,2.1,50.0,4.8,2,33.3,8.9,11.9,0.64,0.85,WR,CarrLe00
314,Isaiah Zuber,29,5.0,2020,23,NWE,4,0,2,2,29,14.5,0,7.3,100.0,14.5,1,50.0,5.0,7.0,1.25,1.75,WR,ZubeIs00
315,Jordan Leslie,26,2.6,2017,26,CLE,2,0,1,1,26,26.0,0,13.0,100.0,26.0,1,100.0,2.6,3.6,1.30,1.80,WR,LeslJo00
316,Mike Strachan,26,2.6,2021,24,IND,6,0,3,2,26,13.0,0,4.3,66.7,8.7,2,66.7,2.6,4.6,0.43,0.77,WR,StraMi03
317,Daylen Baldwin,25,2.5,2022,23,CLE,1,0,2,2,25,12.5,0,25.0,100.0,12.5,2,100.0,2.5,4.5,2.50,4.50,WR,BaldDa01
318,Andrew Turzilli,25,2.5,2015,24,TEN,3,0,2,2,25,12.5,0,8.3,100.0,12.5,1,100.0,2.5,4.5,0.83,1.50,WR,TurzAn00
319,Trevor Davis,24,6.4,2016,23,GNB,11,0,7,3,24,8.0,1,2.2,42.9,3.4,2,42.9,6.4,9.4,0.58,0.85,WR,DaviTr03
320,Deonte Harty,24,9.5,2019,22,NOR,14,1,6,6,24,4.0,0,1.7,100.0,4.0,2,33.3,9.5,15.5,0.68,1.11,WR,HarrDe07
321,Dareke Young,24,2.4,2022,23,SEA,13,0,2,2,24,12.0,0,1.8,100.0,12.0,2,100.0,2.4,4.4,0.18,0.34,WR,YounDa02
322,Dri Archer,23,6.3,2014,23,PIT,12,0,10,7,23,3.3,0,1.9,70.0,2.3,0,30.0,6.3,13.3,0.53,1.11,WR,ArchDr00
323,Cody Latimer,23,2.3,2014,22,DEN,8,0,4,2,23,11.5,0,2.9,50.0,5.8,1,50.0,2.3,4.3,0.29,0.54,WR,LatiCo00
324,Dazz Newsome,23,2.3,2021,22,CHI,3,1,5,2,23,11.5,0,7.7,40.0,4.6,1,20.0,2.3,4.3,0.77,1.43,WR,NewsDa00
325,DeAndre Smelter,23,2.3,2016,25,SFO,2,0,1,1,23,23.0,0,11.5,100.0,23.0,1,100.0,2.3,3.3,1.15,1.65,WR,SmelDe00
326,Tylan Wallace,23,2.3,2021,22,BAL,17,1,6,2,23,11.5,0,1.4,33.3,3.8,1,33.3,2.3,4.3,0.14,0.25,WR,WallTy00
327,Gehrig Dieter,22,2.2,2018,25,KAN,4,0,3,1,22,22.0,0,5.5,33.3,7.3,1,33.3,2.2,3.2,0.55,0.80,WR,DietGe00
328,Fred Brown,21,2.1,2019,26,DEN,13,1,3,2,21,10.5,0,1.6,66.7,7.0,1,33.3,2.1,4.1,0.16,0.32,WR,BrowFr01
329,Geremy Davis,21,2.1,2015,23,NYG,10,0,3,2,21,10.5,0,2.1,66.7,7.0,1,33.3,2.1,4.1,0.21,0.41,WR,DaviGe00
330,Bernard Reedy,21,3.8,2017,26,NWETAM,11,0,2,2,21,10.5,0,1.9,100.0,10.5,1,100.0,3.8,5.8,0.35,0.53,WR,ReedBe01
331,Malik Turner,20,2.0,2018,22,SEA,6,0,3,2,20,10.0,0,3.3,66.7,6.7,1,33.3,2.0,4.0,0.33,0.67,WR,TurnMa00
332,Kayshon Boutte,19,1.9,2023,21,NWE,5,0,7,2,19,9.5,0,3.8,28.6,2.7,1,28.6,1.9,3.9,0.38,0.78,WR,BoutKa00
333,Shane Wynn,19,2.4,2016,24,JAX,5,0,3,1,19,19.0,0,3.8,33.3,6.3,1,33.3,2.4,3.4,0.48,0.68,WR,WynnSh00
334,Jehu Chesson,18,1.8,2017,24,KAN,12,1,4,2,18,9.0,0,1.5,50.0,4.5,2,50.0,1.8,3.8,0.15,0.32,WR,ChesJe00
335,Stanley Morgan Jr.,18,1.8,2019,23,CIN,11,0,10,3,18,6.0,0,1.6,30.0,1.8,,20.0,1.8,4.8,0.16,0.44,WR,MorgSt02
336,Jojo Natson,18,3.3,2017,23,NYJ,7,0,5,2,18,9.0,0,2.6,40.0,3.6,1,20.0,3.3,5.3,0.47,0.76,WR,NatsJo00
337,Devin Street,18,1.8,2014,23,DAL,16,0,7,2,18,9.0,0,1.1,28.6,2.6,1,28.6,1.8,3.8,0.11,0.24,WR,StreDe00
338,Darren Waller,18,1.8,2015,23,BAL,6,1,6,2,18,9.0,0,3.0,33.3,3.0,1,16.7,1.8,3.8,0.30,0.63,WR,WallDa01
339,DeAndrew White,18,1.8,2015,24,SFO,4,0,2,2,18,9.0,0,4.5,100.0,9.0,2,100.0,1.8,3.8,0.45,0.95,WR,WhitDe01
340,Bobo Wilson,18,8.6,2017,22,TAM,3,1,1,1,18,18.0,1,6.0,100.0,18.0,1,100.0,8.6,9.6,2.87,3.20,WR,WilsJe00
341,Ashton Dulin,17,1.7,2019,22,IND,13,0,2,2,17,8.5,0,1.3,100.0,8.5,,50.0,1.7,3.7,0.13,0.28,WR,DuliAs00
342,KhaDarel Hodge,17,1.7,2018,23,LAR,14,0,3,2,17,8.5,0,1.2,66.7,5.7,1,33.3,1.7,3.7,0.12,0.26,WR,HodgKh00
343,Rashard Davis,16,1.6,2019,24,TEN,1,0,1,1,16,16.0,0,16.0,100.0,16.0,1,100.0,1.6,2.6,1.60,2.60,WR,DaviRa01
344,Dennis Houston,16,1.6,2022,23,DAL,2,0,6,2,16,8.0,0,8.0,33.3,2.7,,16.7,1.6,3.6,0.80,1.80,WR,HousDe01
345,Jeff Janis,16,1.6,2014,23,GNB,3,0,2,2,16,8.0,0,5.3,100.0,8.0,2,100.0,1.6,3.6,0.53,1.20,WR,JaniJe00
346,Lucky Whitehead,16,10.3,2015,23,DAL,15,1,8,6,16,2.7,0,1.1,75.0,2.0,1,25.0,10.3,16.3,0.69,1.09,WR,WhitLu00
347,Mario Alford,15,1.5,2015,23,CIN,1,0,1,1,15,15.0,0,15.0,100.0,15.0,1,100.0,1.5,2.5,1.50,2.50,WR,AlfoMa00
348,Ventell Bryant,15,7.5,2019,23,DAL,12,0,1,1,15,15.0,1,1.3,100.0,15.0,1,100.0,7.5,8.5,0.63,0.71,WR,BryaVe00
349,Laquon Treadwell,15,1.5,2016,21,MIN,9,1,3,1,15,15.0,0,1.7,33.3,5.0,1,33.3,1.5,2.5,0.17,0.28,WR,TreaLa00
350,Frank Darby,14,1.4,2021,24,ATL,10,0,4,1,14,14.0,0,1.4,25.0,3.5,1,25.0,1.4,2.4,0.14,0.24,WR,DarbFr00
351,James Proche,14,1.4,2020,24,BAL,14,0,3,1,14,14.0,0,1.0,33.3,4.7,1,33.3,1.4,2.4,0.10,0.17,WR,ProcJa00
352,Tim White,14,1.4,2018,24,BAL,3,0,1,1,14,14.0,0,4.7,100.0,14.0,1,100.0,1.4,2.4,0.47,0.80,WR,WhitTi00
353,Chandler Worthy,14,1.4,2015,22,HOU,3,0,4,3,14,4.7,0,4.7,75.0,3.5,1,25.0,1.4,4.4,0.47,1.47,WR,WortCh00
354,Cody Hollister,13,1.3,2019,26,TEN,5,0,2,2,13,6.5,0,2.6,100.0,6.5,,50.0,1.3,3.3,0.26,0.66,WR,HollCo00
355,Tavarres King,13,1.3,2014,24,TAM,2,0,3,2,13,6.5,0,6.5,66.7,4.3,1,66.7,1.3,3.3,0.65,1.65,WR,KingTa00
356,Darius Powe,13,1.3,2017,23,NYG,1,1,4,2,13,6.5,0,13.0,50.0,3.3,,50.0,1.3,3.3,1.30,3.30,WR,PoweDa02
357,Jeff Smith,12,1.2,2019,22,NYJ,1,0,2,1,12,12.0,0,12.0,50.0,6.0,1,50.0,1.2,2.2,1.20,2.20,WR,SmitJe03
358,Jalen Tolbert,12,1.2,2022,23,DAL,8,1,3,2,12,6.0,0,1.5,66.7,4.0,,33.3,1.2,3.2,0.15,0.40,WR,TolbJa00
359,Sammie Coates,11,1.1,2015,22,PIT,6,0,2,1,11,11.0,0,1.8,50.0,5.5,1,50.0,1.1,2.1,0.18,0.35,WR,CoatSa00
360,Shelton Gibson,11,1.1,2017,23,PHI,5,0,3,2,11,5.5,0,2.2,66.7,3.7,1,33.3,1.1,3.1,0.22,0.62,WR,GibsSh00
361,Jonathan Krause,11,1.1,2015,23,PHI,2,0,4,2,11,5.5,0,5.5,50.0,2.8,,,1.1,3.1,0.55,1.55,WR,KrauJo00
362,C.J. Saunders,11,1.1,2021,25,CAR,2,0,2,2,11,5.5,0,5.5,100.0,5.5,1,50.0,1.1,3.1,0.55,1.55,WR,SaunCJ00
363,John Ursua,11,1.1,2019,25,SEA,3,0,1,1,11,11.0,0,3.7,100.0,11.0,1,100.0,1.1,2.1,0.37,0.70,WR,UrsuJo00
364,Tarik Black,10,1.0,2021,23,NYJ,1,0,2,1,10,10.0,0,10.0,50.0,5.0,1,50.0,1.0,2.0,1.00,2.00,WR,BlacTa00
365,Danny Gray,10,1.9,2022,23,SFO,13,0,7,1,10,10.0,0,0.8,14.3,1.4,1,14.3,1.9,2.9,0.15,0.22,WR,GrayDa02
366,Tre McBride,8,7.6,2015,23,TEN,7,0,4,2,8,4.0,1,1.1,50.0,2.0,1,50.0,7.6,9.6,1.09,1.37,WR,McBrTr00
367,Kasen Williams,8,1.3,2015,23,SEA,2,0,1,1,8,8.0,0,4.0,100.0,8.0,1,100.0,1.3,2.3,0.65,1.15,WR,WillKa02
368,Antonio Gandy-Golden,3,2.5,2020,22,WAS,6,2,7,1,3,3.0,0,0.5,14.3,0.4,0,0.0,2.5,3.5,0.42,0.58,WR,GandAn00
369,D.J. Foster,2,2.6,2016,23,NWE,3,0,2,1,2,2.0,0,0.7,50.0,1.0,,0.0,2.6,3.6,0.87,1.20,WR,FostD.01
370,Montrell Washington,2,1.2,2022,23,DEN,15,1,9,4,2,0.5,0,0.1,44.4,0.2,,0.0,1.2,5.2,0.08,0.35,WR,WashMo00
371,Jakeem Grant,0,4.1,2016,24,MIA,16,0,1,0,0,,0,0.0,0.0,0.0,,0.0,4.1,4.1,0.26,0.26,WR,GranJa00
372,Solomon Patton,0,1.9,2014,24,TAM,7,0,0,0,0,,0,0.0,,,0,,1.9,1.9,0.27,0.27,WR,PattSo01
373,Joe Reed,0,8.9,2020,22,LAC,11,0,1,0,0,,0,0.0,0.0,0.0,0,0.0,8.9,8.9,0.81,0.81,WR,ReedJo03